<?xml version="1.0"?>
<appManifest xmlns:xs="http://www.w3.org/2001/XMLSchema" xmlns:xsi="http://www.w3.org/2001/XMLSchema-instance" xsi:schemaLocation="http://schemas.apprenda.com/DeploymentManifest http://apprenda.com/schemas/platform/6.11/DeploymentManifest.xsd" xmlns="http://schemas.apprenda.com/DeploymentManifest">
  <persistence dbms="SqlServer" strategy="IsolatedDB" providerContextEnabled="false">
    <provisioning>
      <application scriptPath="ApplicationProvisioning_Script.sql" />
      <tenant scriptPath="TenantProvisioning_Script.sql" />
    </provisioning>
    <tableOptions />
    <customProperties />
  </persistence>
  <services>
    <service name="GuestBookWCFService" requires32Bit="False" instanceCount="1" scalingType="Manual" encryptedPassword="" />
  </services>
  <linuxServices />
  <pods>
    <pod name="k8scomp" instanceCount="1" scalingType="Manual">
      <customProperties />
    </pod>
  </pods>
  <applicationServices level="None" enforceSsl="False" />
  <rollbackScripts />
</appManifest>